customer_id,name,external_id,salesforce_account_id,ingest_aliases,custom_fields
00b66af9-df35-4bd2-8000-cbe6e312dd36,Test Customer 4,00b66af9-df35-4bd2-8000-cbe6e312dd36,,,{}
0593936e-a8b4-4547-8b5b-485508f10480,Test Customer 3,0593936e-a8b4-4547-8b5b-485508f10480,,,{}
071ed296-faf6-45ad-946c-74ad44862d75,Test Customer 8,071ed296-faf6-45ad-946c-74ad44862d75,,,{}
085bea7a-9b6f-4cac-b7e8-4014792ede59,Test Customer 6,085bea7a-9b6f-4cac-b7e8-4014792ede59,,,{}
0922eae9-4b91-4fc4-b588-c5007cd5ef00,Test Customer 7,0922eae9-4b91-4fc4-b588-c5007cd5ef00,,,{}
0a9ff33c-7348-441e-854b-ad240743b7d7,Test Customer 6,0a9ff33c-7348-441e-854b-ad240743b7d7,,,{}
0c52c65f-9e1d-4d47-aeaf-1793fd446c15,Test Customer 2,0c52c65f-9e1d-4d47-aeaf-1793fd446c15,,,{}
0e62c3ae-f655-407f-b4cd-a5fb7d260e65,Test Customer 9,0e62c3ae-f655-407f-b4cd-a5fb7d260e65,,,{}
0e9a6ef7-cde0-4815-9125-769af4a581c3,MongoDB Inc.,a901620e-cec2-495e-95a4-e240762f2814,,a901620e-cec2-495e-95a4-e240762f2814,{}
11bc5aee-93a1-47c0-af83-e7eb546c6685,Test Customer 7,11bc5aee-93a1-47c0-af83-e7eb546c6685,,,{}
11d81467-8a5d-4abb-8aed-bd6e5f2769c5,Test Customer 7,11d81467-8a5d-4abb-8aed-bd6e5f2769c5,,,{}
132d44b1-d373-4d99-bf81-7940d4438bd5,Test Customer 10,132d44b1-d373-4d99-bf81-7940d4438bd5,,,{}
1484c027-81cf-47c0-bcf3-b7ebc3b36146,Test Customer 3,1484c027-81cf-47c0-bcf3-b7ebc3b36146,,,{}
14f7b460-88a7-4a18-8dc1-4e39fc3751a6,Test Customer 9,14f7b460-88a7-4a18-8dc1-4e39fc3751a6,,,{}
1738d49f-6401-4027-941f-b0cd4aabb9f2,Test Customer 9,1738d49f-6401-4027-941f-b0cd4aabb9f2,,,{}
19baee2f-3ccf-4d89-bcdb-3fff4694bb74,IBM Cloud Services,5c3799c0-4b59-4b0d-b94a-854519c75157,,5c3799c0-4b59-4b0d-b94a-854519c75157,{}
1b9ef6f5-a895-4550-9a2c-5e27041cb221,Test Customer 2,1b9ef6f5-a895-4550-9a2c-5e27041cb221,,,{}
1cb48110-1ad3-4320-98bd-e18afdd91078,Test Customer 5,1cb48110-1ad3-4320-98bd-e18afdd91078,,,{}
1ed2c8e1-c593-4459-925c-c1f87aee6058,Test Customer 10,1ed2c8e1-c593-4459-925c-c1f87aee6058,,,{}
20af1c69-c7d3-4558-81b1-d28d2c42b417,Test Customer 1,20af1c69-c7d3-4558-81b1-d28d2c42b417,,,{}
21a02ccc-5879-4881-80e0-d14a5af61a71,Test Customer 7,21a02ccc-5879-4881-80e0-d14a5af61a71,,,{}
222ab062-1141-45e2-bc22-e71c31197904,Test Customer 10,222ab062-1141-45e2-bc22-e71c31197904,,,{}
24a66073-6fdf-4310-9a92-df0618ecb9c1,Nelson-Burnett LLC,18f2daee-36a7-4eb7-b7d3-11cc330bf248,,18f2daee-36a7-4eb7-b7d3-11cc330bf248,{}
2d175db8-f5f3-464f-a7d7-8dd24dd06631,Test Customer 2,2d175db8-f5f3-464f-a7d7-8dd24dd06631,,,{}
32573119-0b3a-49d3-8009-d8abd150710b,Test Customer 9,32573119-0b3a-49d3-8009-d8abd150710b,,,{}
33ef96fa-da3f-4365-9527-7514e64e73c2,CloudScale Technologies,1561508a-5e6c-490c-907a-ee26bc039735,,1561508a-5e6c-490c-907a-ee26bc039735,{}
33f8cefe-ccbe-4e36-8f65-c7de52fd4e4a,Test Customer 10,33f8cefe-ccbe-4e36-8f65-c7de52fd4e4a,,,{}
355bc9a9-4e83-411f-a070-170cd32d89ce,Test Customer 3,355bc9a9-4e83-411f-a070-170cd32d89ce,,,{}
35d054d8-4b1b-41ba-a3c5-25bec65073a7,Test Customer 3,35d054d8-4b1b-41ba-a3c5-25bec65073a7,,,{}
3e970589-abb3-4cce-8758-9facd39bb7a0,Atlassian,b1ae7cfa-5336-45b4-b5b4-fa47bdb80de7,,b1ae7cfa-5336-45b4-b5b4-fa47bdb80de7,{}
3ff6f60c-41ec-4cda-9b8c-87fe874300c8,Test Customer 8,3ff6f60c-41ec-4cda-9b8c-87fe874300c8,,,{}
4027a4e6-1640-4b45-a96d-3b86d5a7ae35,A2 Company,a2-demo,,a2-demo,{}
42a4a16e-f452-4210-969b-5a7dfbb95eb3,Test Customer 6,42a4a16e-f452-4210-969b-5a7dfbb95eb3,,,{}
4310fa8b-d11c-43e7-b35d-5fdc4d6a7694,Test Customer 2,4310fa8b-d11c-43e7-b35d-5fdc4d6a7694,,,{}
4399c7e1-a72b-42e9-91b5-2bec90a2ff78,Twilio Inc.,f3b860e8-e70e-4506-b464-115f2c8de3d7,,f3b860e8-e70e-4506-b464-115f2c8de3d7,{}
44d25fcc-c32e-46a3-be44-2654821ee497,Adobe Systems,e4ccfd20-7c15-4715-9ddc-33bbe6bbdba9,,e4ccfd20-7c15-4715-9ddc-33bbe6bbdba9,{}
465da709-1603-4a3f-971f-b49bb946cefb,Test Customer 10,465da709-1603-4a3f-971f-b49bb946cefb,,,{}
46b723e4-5391-4496-9049-b113918bfe2b,matt55,46b723e4-5391-4496-9049-b113918bfe2b,,,{}
47843566-4fe1-42ee-b57d-24c4b8e889bd,Test Customer 2,47843566-4fe1-42ee-b57d-24c4b8e889bd,,,{}
47f22495-d9c3-484b-a6ac-04a22f4cfd8a,Test Customer 5,47f22495-d9c3-484b-a6ac-04a22f4cfd8a,,,{}
48556fd4-13f9-400a-933c-aaa6a0489b80,Test Customer 10,48556fd4-13f9-400a-933c-aaa6a0489b80,,,{}
48f9a5af-4083-48fe-8d67-85e26820ca20,Acme Corporation,a0cd469f-456b-49b4-83df-4df9795dca40,,a0cd469f-456b-49b4-83df-4df9795dca40,{}
490c1a87-d359-4323-80b3-93fd372a0ca6,"Castillo, Wheeler and Leon LLC",84c97ad3-a285-4ae6-9260-245f6ba4a06e,,84c97ad3-a285-4ae6-9260-245f6ba4a06e,{}
4965c35e-fbba-4120-853f-2ba5cb65e583,Test Customer 3,4965c35e-fbba-4120-853f-2ba5cb65e583,,,{}
49c5ba9b-f3cc-4274-8b13-74736e482c7a,Test Customer 9,49c5ba9b-f3cc-4274-8b13-74736e482c7a,,,{}
4b2d7c00-8f06-451b-8b25-0175fda00669,Test Customer 6,4b2d7c00-8f06-451b-8b25-0175fda00669,,,{}
4ce46a51-741f-46c2-ad1c-8f419e9ee993,Test Customer 5,4ce46a51-741f-46c2-ad1c-8f419e9ee993,,,{}
4ee7ae8d-498d-41dc-98d1-a68520bcfcbf,Test Customer 8,4ee7ae8d-498d-41dc-98d1-a68520bcfcbf,,,{}
506d8fb1-5c8f-4cc4-be62-a59e1b0d72d3,Rivera-Jensen Corp.,e42eb052-ba50-4825-9fc1-d27f62ca27de,,e42eb052-ba50-4825-9fc1-d27f62ca27de,{}
54605f95-f289-4a61-ae7e-5ae487835633,A1 Company,a1-demo,,a1-demo,{}
557397cb-cc18-428c-8eaf-0cfa7ea966be,Test Customer 7,557397cb-cc18-428c-8eaf-0cfa7ea966be,,,{}
584764e6-3fb6-4ddc-bc52-287f25a1df4c,"Johnson, Williams and Joseph LLC",88e5f1f7-91f1-4920-b9b6-ef68d4126966,,88e5f1f7-91f1-4920-b9b6-ef68d4126966,{}
5b60ba5f-925f-4759-ab06-d1abd7208ae2,"Example, Inc.",5b60ba5f-925f-4759-ab06-d1abd7208ae2,,,{}
5bc52d0e-a657-43e7-954a-f063d13dbb86,"Example, Inc.",5bc52d0e-a657-43e7-954a-f063d13dbb86,,,{}
5bf41b59-ea61-4adc-814a-4874439bfd45,Innovative Systems,1cd84bd3-d3ae-4b0f-8c02-2f57e135922b,,1cd84bd3-d3ae-4b0f-8c02-2f57e135922b,{}
5dd3a6be-ef84-44d5-930f-d119d839400a,Livingston-Patel Inc.,197d6c6a-7663-4005-a708-c38c22659e32,,197d6c6a-7663-4005-a708-c38c22659e32,{}
5f7c319b-7685-40ba-a0b1-7e12e29ed3bf,Test Customer 3,5f7c319b-7685-40ba-a0b1-7e12e29ed3bf,,,{}
6092baed-2ba3-499b-9c36-d32f0676904f,Horton-Greer Corp.,01007ad0-1ef4-4689-acf5-84b433d60ebd,,01007ad0-1ef4-4689-acf5-84b433d60ebd,{}
616d8e08-e55a-47d8-a923-9752fccce780,Adobe Systems,b6a6f38b-398f-4600-a18b-aba1c3b153ba,,b6a6f38b-398f-4600-a18b-aba1c3b153ba,{}
61bf0732-2600-48b8-8da7-d891f79844b7,"Example, Inc.",team@example.com,,team@example.com,{}
61c57315-9d1a-4801-a7f1-127408e1a734,Test Customer 2,61c57315-9d1a-4801-a7f1-127408e1a734,,,{}
62d50f49-c931-4732-85ff-af29e177f5b6,Test Customer 9,62d50f49-c931-4732-85ff-af29e177f5b6,,,{}
65e8098e-a978-4153-a4ae-2b3e95ef8872,Amazon Web Services,2a757020-80f5-4056-925b-091cba167909,,2a757020-80f5-4056-925b-091cba167909,{}
6b4c508c-e466-41be-a1c6-2793c51bb982,Test Customer 1,6b4c508c-e466-41be-a1c6-2793c51bb982,,,{}
6c03b531-4c63-4c1c-9f22-341d08e5e277,Test Customer 10,6c03b531-4c63-4c1c-9f22-341d08e5e277,,,{}
6e750603-d6d9-4eaf-a125-22d7ba514eb1,Test Customer 7,6e750603-d6d9-4eaf-a125-22d7ba514eb1,,,{}
70911826-6c64-45cb-b0ec-395fec5fece7,Test Customer 8,70911826-6c64-45cb-b0ec-395fec5fece7,,,{}
770b7a0b-c981-4c4c-9bd2-5f95f589b053,Test Customer 9,770b7a0b-c981-4c4c-9bd2-5f95f589b053,,,{}
7722fef3-b678-4f3b-a8fc-648827b64fe6,Test Customer 1,7722fef3-b678-4f3b-a8fc-648827b64fe6,,,{}
77a47528-e97e-45ca-9bb4-cdbe02155a06,Test Customer 7,77a47528-e97e-45ca-9bb4-cdbe02155a06,,,{}
794e7969-d7e4-41ba-a2cf-2a7e50e64b90,Test Customer 2,794e7969-d7e4-41ba-a2cf-2a7e50e64b90,,,{}
7e1d38f8-2c0f-4f33-9e6c-a4914624af4c,"Example, Inc.",7e1d38f8-2c0f-4f33-9e6c-a4914624af4c,,,{}
83c819fe-ce88-4bb5-9a14-822013919127,TechStart Solutions,b06d4bf8-ac22-4aa3-b840-8781114570e4,,b06d4bf8-ac22-4aa3-b840-8781114570e4,{}
85a6223b-e506-4da3-9ecb-0db2fe7574a5,Test Customer 9,85a6223b-e506-4da3-9ecb-0db2fe7574a5,,,{}
85f65e75-505e-42c6-ae60-11e2068dafe4,Test Customer 6,85f65e75-505e-42c6-ae60-11e2068dafe4,,,{}
8a70415a-c8d8-480c-8a49-d31199092d18,Test Customer 1,8a70415a-c8d8-480c-8a49-d31199092d18,,,{}
8c7c30b7-69a6-4607-b5f6-7ded3d6119cb,Test Customer,8c7c30b7-69a6-4607-b5f6-7ded3d6119cb,,,{}
8e1017bc-982b-4646-8fab-6cbbe3408517,Test Customer 10,8e1017bc-982b-4646-8fab-6cbbe3408517,,,{}
8ea6bede-9ef2-44be-a898-cc7c95d0f854,Test Customer 1,8ea6bede-9ef2-44be-a898-cc7c95d0f854,,,{}
8ec07f97-812e-4bb0-9fa1-b47afb004988,Test Customer 3,8ec07f97-812e-4bb0-9fa1-b47afb004988,,,{}
8f083cb2-cc04-43be-afc6-d488816b2878,Test Customer 5,8f083cb2-cc04-43be-afc6-d488816b2878,,,{}
8fe8f64c-7718-420b-b004-03eda44d3691,Test Customer 4,8fe8f64c-7718-420b-b004-03eda44d3691,,,{}
90cd614c-4c21-4f03-ae13-29e8d75fbbbe,Test Customer 5,90cd614c-4c21-4f03-ae13-29e8d75fbbbe,,,{}
913d603a-8980-43e7-8267-1f0058139848,Williams and Sons Solutions,2085f155-46a1-43aa-b5a1-8d45429aaa78,,2085f155-46a1-43aa-b5a1-8d45429aaa78,{}
92eb1904-28dd-4774-b5d1-5c4aef91398f,Test Customer 8,92eb1904-28dd-4774-b5d1-5c4aef91398f,,,{}
93d7a49e-5d84-44fc-9ac6-ef02ba86f0aa,Test Customer 3,93d7a49e-5d84-44fc-9ac6-ef02ba86f0aa,,,{}
9467a5ce-62fa-4ac0-9254-29d252656f16,Quantum Solutions,76de3395-9e45-44b0-bc17-aa8e226af15f,,76de3395-9e45-44b0-bc17-aa8e226af15f,{}
94ff121f-bb68-456b-83e5-6700b8bd3734,Test Customer 3,94ff121f-bb68-456b-83e5-6700b8bd3734,,,{}
95520e1a-7474-4535-a303-7769698c95b8,Test Customer 8,95520e1a-7474-4535-a303-7769698c95b8,,,{}
966e64d5-ad9e-4edb-a67f-a48626c87f0e,Test Customer 10,966e64d5-ad9e-4edb-a67f-a48626c87f0e,,,{}
99361014-723d-4f12-b1b7-d67654a07342,Test Customer 8,99361014-723d-4f12-b1b7-d67654a07342,,,{}
9a4e2d15-7053-49bd-a7f4-d41d25e5ea85,Smart Systems International,13679000-2569-48f7-a8e8-7fe944ae3d2a,,13679000-2569-48f7-a8e8-7fe944ae3d2a,{}
9d5cded8-d2aa-4d75-a7ab-e9f6659f4aec,Test Customer 6,9d5cded8-d2aa-4d75-a7ab-e9f6659f4aec,,,{}
9db48667-5af2-4d26-ba88-fe3ae321d822,Test Customer 1,9db48667-5af2-4d26-ba88-fe3ae321d822,,,{}
a458f1e5-70fe-4e12-a823-f75ba619fd23,Future Technologies,1dfe92c9-2e27-423c-bb4d-0133561911f9,,1dfe92c9-2e27-423c-bb4d-0133561911f9,{}
a5577aee-fd92-4d32-a826-db3eaf6b9412,Test Customer 2,a5577aee-fd92-4d32-a826-db3eaf6b9412,,,{}
a91e7a0c-d242-411c-b48a-096b2a2b4c99,Salesforce.com,945647dc-6614-40b1-8b8a-dce97104e5bf,,945647dc-6614-40b1-8b8a-dce97104e5bf,{}
ab245a02-37a0-43ce-87c8-514c552cc564,Test Customer 6,ab245a02-37a0-43ce-87c8-514c552cc564,,,{}
acae1863-5b17-4ea0-ba14-004ef2fff200,Test Customer 5,acae1863-5b17-4ea0-ba14-004ef2fff200,,,{}
ae37298a-82f8-47ac-94bb-85366a3a4509,Test Customer 7,ae37298a-82f8-47ac-94bb-85366a3a4509,,,{}
